group,function,value,throughput_num,throughput_type,sample_measured_value,unit,iteration_count
reads,100,queries,100,elements,39800.0,ns,1
reads,100,queries,100,elements,74400.0,ns,2
reads,100,queries,100,elements,110900.0,ns,3
reads,100,queries,100,elements,184000.0,ns,4
reads,100,queries,100,elements,185100.0,ns,5
reads,100,queries,100,elements,262600.0,ns,6
reads,100,queries,100,elements,349400.0,ns,7
reads,100,queries,100,elements,336700.0,ns,8
reads,100,queries,100,elements,357800.0,ns,9
reads,100,queries,100,elements,440800.0,ns,10
reads,100,queries,100,elements,482900.0,ns,11
reads,100,queries,100,elements,442800.0,ns,12
reads,100,queries,100,elements,530500.0,ns,13
reads,100,queries,100,elements,578400.0,ns,14
reads,100,queries,100,elements,580000.0,ns,15
reads,100,queries,100,elements,628600.0,ns,16
reads,100,queries,100,elements,696900.0,ns,17
reads,100,queries,100,elements,789100.0,ns,18
reads,100,queries,100,elements,846100.0,ns,19
reads,100,queries,100,elements,756000.0,ns,20
reads,100,queries,100,elements,791000.0,ns,21
reads,100,queries,100,elements,842600.0,ns,22
reads,100,queries,100,elements,858000.0,ns,23
reads,100,queries,100,elements,921100.0,ns,24
reads,100,queries,100,elements,1011700.0,ns,25
reads,100,queries,100,elements,1042000.0,ns,26
reads,100,queries,100,elements,1012200.0,ns,27
reads,100,queries,100,elements,1079600.0,ns,28
reads,100,queries,100,elements,1259500.0,ns,29
reads,100,queries,100,elements,1409400.0,ns,30
reads,100,queries,100,elements,1231900.0,ns,31
reads,100,queries,100,elements,1335400.0,ns,32
reads,100,queries,100,elements,1328800.0,ns,33
reads,100,queries,100,elements,1558600.0,ns,34
reads,100,queries,100,elements,1399100.0,ns,35
reads,100,queries,100,elements,1374100.0,ns,36
reads,100,queries,100,elements,1407300.0,ns,37
reads,100,queries,100,elements,1526100.0,ns,38
reads,100,queries,100,elements,1490000.0,ns,39
reads,100,queries,100,elements,1551400.0,ns,40
reads,100,queries,100,elements,1682400.0,ns,41
reads,100,queries,100,elements,1684800.0,ns,42
reads,100,queries,100,elements,1916100.0,ns,43
reads,100,queries,100,elements,1917500.0,ns,44
reads,100,queries,100,elements,1777600.0,ns,45
reads,100,queries,100,elements,1793400.0,ns,46
reads,100,queries,100,elements,1860400.0,ns,47
reads,100,queries,100,elements,1836500.0,ns,48
reads,100,queries,100,elements,1915300.0,ns,49
reads,100,queries,100,elements,2026600.0,ns,50
reads,100,queries,100,elements,2201000.0,ns,51
reads,100,queries,100,elements,2131600.0,ns,52
reads,100,queries,100,elements,2144600.0,ns,53
reads,100,queries,100,elements,2075300.0,ns,54
reads,100,queries,100,elements,2301200.0,ns,55
reads,100,queries,100,elements,2326900.0,ns,56
reads,100,queries,100,elements,2407700.0,ns,57
reads,100,queries,100,elements,2645000.0,ns,58
reads,100,queries,100,elements,2342900.0,ns,59
reads,100,queries,100,elements,2503800.0,ns,60
reads,100,queries,100,elements,2348100.0,ns,61
reads,100,queries,100,elements,2394100.0,ns,62
reads,100,queries,100,elements,2384400.0,ns,63
reads,100,queries,100,elements,2747300.0,ns,64
reads,100,queries,100,elements,2560800.0,ns,65
reads,100,queries,100,elements,2640000.0,ns,66
reads,100,queries,100,elements,2815800.0,ns,67
reads,100,queries,100,elements,2605200.0,ns,68
reads,100,queries,100,elements,2882600.0,ns,69
reads,100,queries,100,elements,3500100.0,ns,70
reads,100,queries,100,elements,2923900.0,ns,71
reads,100,queries,100,elements,3075500.0,ns,72
reads,100,queries,100,elements,2828800.0,ns,73
reads,100,queries,100,elements,2852400.0,ns,74
reads,100,queries,100,elements,2904700.0,ns,75
reads,100,queries,100,elements,3211700.0,ns,76
reads,100,queries,100,elements,2978900.0,ns,77
reads,100,queries,100,elements,3144400.0,ns,78
reads,100,queries,100,elements,3008600.0,ns,79
reads,100,queries,100,elements,3628700.0,ns,80
reads,100,queries,100,elements,3913300.0,ns,81
reads,100,queries,100,elements,3256000.0,ns,82
reads,100,queries,100,elements,3428900.0,ns,83
reads,100,queries,100,elements,3452600.0,ns,84
reads,100,queries,100,elements,3297200.0,ns,85
reads,100,queries,100,elements,3657300.0,ns,86
reads,100,queries,100,elements,3697900.0,ns,87
reads,100,queries,100,elements,3866200.0,ns,88
reads,100,queries,100,elements,3856100.0,ns,89
reads,100,queries,100,elements,3840800.0,ns,90
reads,100,queries,100,elements,3622000.0,ns,91
reads,100,queries,100,elements,4108500.0,ns,92
reads,100,queries,100,elements,3665800.0,ns,93
reads,100,queries,100,elements,3851700.0,ns,94
reads,100,queries,100,elements,3918200.0,ns,95
reads,100,queries,100,elements,4259700.0,ns,96
reads,100,queries,100,elements,6525400.0,ns,97
reads,100,queries,100,elements,5967100.0,ns,98
reads,100,queries,100,elements,4553600.0,ns,99
reads,100,queries,100,elements,4401500.0,ns,100
reads,100,queries,100,elements,4336200.0,ns,101
reads,100,queries,100,elements,4076300.0,ns,102
reads,100,queries,100,elements,4418400.0,ns,103
reads,100,queries,100,elements,4528400.0,ns,104
reads,100,queries,100,elements,4294500.0,ns,105
reads,100,queries,100,elements,4245400.0,ns,106
reads,100,queries,100,elements,6789400.0,ns,107
reads,100,queries,100,elements,4569000.0,ns,108
reads,100,queries,100,elements,4577200.0,ns,109
reads,100,queries,100,elements,4442900.0,ns,110
reads,100,queries,100,elements,4319800.0,ns,111
reads,100,queries,100,elements,4328400.0,ns,112
reads,100,queries,100,elements,4462400.0,ns,113
reads,100,queries,100,elements,4524600.0,ns,114
reads,100,queries,100,elements,4552500.0,ns,115
reads,100,queries,100,elements,4793600.0,ns,116
reads,100,queries,100,elements,7322700.0,ns,117
reads,100,queries,100,elements,6026200.0,ns,118
reads,100,queries,100,elements,5110200.0,ns,119
reads,100,queries,100,elements,4962800.0,ns,120
reads,100,queries,100,elements,4783500.0,ns,121
reads,100,queries,100,elements,5253400.0,ns,122
reads,100,queries,100,elements,4969000.0,ns,123
reads,100,queries,100,elements,6155700.0,ns,124
reads,100,queries,100,elements,5236100.0,ns,125
reads,100,queries,100,elements,5449200.0,ns,126
reads,100,queries,100,elements,5462200.0,ns,127
reads,100,queries,100,elements,5576400.0,ns,128
reads,100,queries,100,elements,5272900.0,ns,129
reads,100,queries,100,elements,5101000.0,ns,130
reads,100,queries,100,elements,5536700.0,ns,131
reads,100,queries,100,elements,5380100.0,ns,132
reads,100,queries,100,elements,5216400.0,ns,133
reads,100,queries,100,elements,5733900.0,ns,134
reads,100,queries,100,elements,5667500.0,ns,135
reads,100,queries,100,elements,5434500.0,ns,136
reads,100,queries,100,elements,5605300.0,ns,137
reads,100,queries,100,elements,5874400.0,ns,138
reads,100,queries,100,elements,5581300.0,ns,139
reads,100,queries,100,elements,5757900.0,ns,140
reads,100,queries,100,elements,6117000.0,ns,141
reads,100,queries,100,elements,5724000.0,ns,142
reads,100,queries,100,elements,6118400.0,ns,143
reads,100,queries,100,elements,6421800.0,ns,144
reads,100,queries,100,elements,6062200.0,ns,145
reads,100,queries,100,elements,6066300.0,ns,146
reads,100,queries,100,elements,5914200.0,ns,147
reads,100,queries,100,elements,5685100.0,ns,148
reads,100,queries,100,elements,6235300.0,ns,149
reads,100,queries,100,elements,6604200.0,ns,150
reads,100,queries,100,elements,6308500.0,ns,151
reads,100,queries,100,elements,6372400.0,ns,152
reads,100,queries,100,elements,6190400.0,ns,153
reads,100,queries,100,elements,6343200.0,ns,154
reads,100,queries,100,elements,6343300.0,ns,155
reads,100,queries,100,elements,6157700.0,ns,156
reads,100,queries,100,elements,6590100.0,ns,157
reads,100,queries,100,elements,6555800.0,ns,158
reads,100,queries,100,elements,6739900.0,ns,159
reads,100,queries,100,elements,6543600.0,ns,160
reads,100,queries,100,elements,6419100.0,ns,161
reads,100,queries,100,elements,7231500.0,ns,162
reads,100,queries,100,elements,6769200.0,ns,163
reads,100,queries,100,elements,6861500.0,ns,164
reads,100,queries,100,elements,6660600.0,ns,165
reads,100,queries,100,elements,6567400.0,ns,166
reads,100,queries,100,elements,6755800.0,ns,167
reads,100,queries,100,elements,6527900.0,ns,168
reads,100,queries,100,elements,7058500.0,ns,169
reads,100,queries,100,elements,7023600.0,ns,170
reads,100,queries,100,elements,6712600.0,ns,171
reads,100,queries,100,elements,7285400.0,ns,172
reads,100,queries,100,elements,6743500.0,ns,173
reads,100,queries,100,elements,7649100.0,ns,174
reads,100,queries,100,elements,6926100.0,ns,175
reads,100,queries,100,elements,7193000.0,ns,176
reads,100,queries,100,elements,6998100.0,ns,177
reads,100,queries,100,elements,7540500.0,ns,178
reads,100,queries,100,elements,7320100.0,ns,179
reads,100,queries,100,elements,7395200.0,ns,180
reads,100,queries,100,elements,7452300.0,ns,181
reads,100,queries,100,elements,7438300.0,ns,182
reads,100,queries,100,elements,7197500.0,ns,183
reads,100,queries,100,elements,7850100.0,ns,184
reads,100,queries,100,elements,7419300.0,ns,185
reads,100,queries,100,elements,7890400.0,ns,186
reads,100,queries,100,elements,7524300.0,ns,187
reads,100,queries,100,elements,7512100.0,ns,188
reads,100,queries,100,elements,7571300.0,ns,189
reads,100,queries,100,elements,7830800.0,ns,190
reads,100,queries,100,elements,7449900.0,ns,191
reads,100,queries,100,elements,8168300.0,ns,192
reads,100,queries,100,elements,7980700.0,ns,193
reads,100,queries,100,elements,7844800.0,ns,194
reads,100,queries,100,elements,7661000.0,ns,195
reads,100,queries,100,elements,7821300.0,ns,196
reads,100,queries,100,elements,7935500.0,ns,197
reads,100,queries,100,elements,7863800.0,ns,198
reads,100,queries,100,elements,8220700.0,ns,199
reads,100,queries,100,elements,8170000.0,ns,200
reads,100,queries,100,elements,8137300.0,ns,201
reads,100,queries,100,elements,8642300.0,ns,202
reads,100,queries,100,elements,8135500.0,ns,203
reads,100,queries,100,elements,8609600.0,ns,204
reads,100,queries,100,elements,8745900.0,ns,205
reads,100,queries,100,elements,9010700.0,ns,206
reads,100,queries,100,elements,9053100.0,ns,207
reads,100,queries,100,elements,16619900.0,ns,208
reads,100,queries,100,elements,9161600.0,ns,209
reads,100,queries,100,elements,9112000.0,ns,210
reads,100,queries,100,elements,9515800.0,ns,211
reads,100,queries,100,elements,10014600.0,ns,212
reads,100,queries,100,elements,8666700.0,ns,213
reads,100,queries,100,elements,9510300.0,ns,214
reads,100,queries,100,elements,8777000.0,ns,215
reads,100,queries,100,elements,8520600.0,ns,216
reads,100,queries,100,elements,8561600.0,ns,217
reads,100,queries,100,elements,8673100.0,ns,218
reads,100,queries,100,elements,8881100.0,ns,219
reads,100,queries,100,elements,9078000.0,ns,220
reads,100,queries,100,elements,8711500.0,ns,221
reads,100,queries,100,elements,9917700.0,ns,222
reads,100,queries,100,elements,9083400.0,ns,223
reads,100,queries,100,elements,9384100.0,ns,224
reads,100,queries,100,elements,10048100.0,ns,225
reads,100,queries,100,elements,9236100.0,ns,226
reads,100,queries,100,elements,9191200.0,ns,227
reads,100,queries,100,elements,9304000.0,ns,228
reads,100,queries,100,elements,9747600.0,ns,229
reads,100,queries,100,elements,9135300.0,ns,230
reads,100,queries,100,elements,9425600.0,ns,231
reads,100,queries,100,elements,9528300.0,ns,232
reads,100,queries,100,elements,9536500.0,ns,233
reads,100,queries,100,elements,9555800.0,ns,234
reads,100,queries,100,elements,10033800.0,ns,235
reads,100,queries,100,elements,9696800.0,ns,236
reads,100,queries,100,elements,9440400.0,ns,237
reads,100,queries,100,elements,10371300.0,ns,238
reads,100,queries,100,elements,9823400.0,ns,239
reads,100,queries,100,elements,9765300.0,ns,240
reads,100,queries,100,elements,10374800.0,ns,241
reads,100,queries,100,elements,9370400.0,ns,242
reads,100,queries,100,elements,9550200.0,ns,243
reads,100,queries,100,elements,9727500.0,ns,244
reads,100,queries,100,elements,10387500.0,ns,245
reads,100,queries,100,elements,10541300.0,ns,246
reads,100,queries,100,elements,10288000.0,ns,247
reads,100,queries,100,elements,10678900.0,ns,248
reads,100,queries,100,elements,10429700.0,ns,249
reads,100,queries,100,elements,10906700.0,ns,250
reads,100,queries,100,elements,10642300.0,ns,251
reads,100,queries,100,elements,10688300.0,ns,252
reads,100,queries,100,elements,11030800.0,ns,253
reads,100,queries,100,elements,10244900.0,ns,254
reads,100,queries,100,elements,10531700.0,ns,255
reads,100,queries,100,elements,10785500.0,ns,256
reads,100,queries,100,elements,10787800.0,ns,257
reads,100,queries,100,elements,10836500.0,ns,258
reads,100,queries,100,elements,10832600.0,ns,259
reads,100,queries,100,elements,10755700.0,ns,260
reads,100,queries,100,elements,10614900.0,ns,261
reads,100,queries,100,elements,10896000.0,ns,262
reads,100,queries,100,elements,10811000.0,ns,263
reads,100,queries,100,elements,10834500.0,ns,264
reads,100,queries,100,elements,10980700.0,ns,265
reads,100,queries,100,elements,10773800.0,ns,266
reads,100,queries,100,elements,10632800.0,ns,267
reads,100,queries,100,elements,11755200.0,ns,268
reads,100,queries,100,elements,11634100.0,ns,269
reads,100,queries,100,elements,11247400.0,ns,270
reads,100,queries,100,elements,11571200.0,ns,271
reads,100,queries,100,elements,11874900.0,ns,272
reads,100,queries,100,elements,12224900.0,ns,273
reads,100,queries,100,elements,12368200.0,ns,274
reads,100,queries,100,elements,12446300.0,ns,275
reads,100,queries,100,elements,11023300.0,ns,276
reads,100,queries,100,elements,11374800.0,ns,277
reads,100,queries,100,elements,11266200.0,ns,278
reads,100,queries,100,elements,11325300.0,ns,279
reads,100,queries,100,elements,11350300.0,ns,280
reads,100,queries,100,elements,11559300.0,ns,281
reads,100,queries,100,elements,12200500.0,ns,282
reads,100,queries,100,elements,11228500.0,ns,283
reads,100,queries,100,elements,11556000.0,ns,284
reads,100,queries,100,elements,11628900.0,ns,285
reads,100,queries,100,elements,11562300.0,ns,286
reads,100,queries,100,elements,11798000.0,ns,287
reads,100,queries,100,elements,11869000.0,ns,288
reads,100,queries,100,elements,11850900.0,ns,289
reads,100,queries,100,elements,11973400.0,ns,290
reads,100,queries,100,elements,11683500.0,ns,291
reads,100,queries,100,elements,12208400.0,ns,292
reads,100,queries,100,elements,11573500.0,ns,293
reads,100,queries,100,elements,11879200.0,ns,294
reads,100,queries,100,elements,12879900.0,ns,295
reads,100,queries,100,elements,12123600.0,ns,296
reads,100,queries,100,elements,12209000.0,ns,297
reads,100,queries,100,elements,11832600.0,ns,298
reads,100,queries,100,elements,12377700.0,ns,299
reads,100,queries,100,elements,12282000.0,ns,300
reads,100,queries,100,elements,13483000.0,ns,301
reads,100,queries,100,elements,12647500.0,ns,302
reads,100,queries,100,elements,12732000.0,ns,303
reads,100,queries,100,elements,12369600.0,ns,304
reads,100,queries,100,elements,12485700.0,ns,305
reads,100,queries,100,elements,12700100.0,ns,306
reads,100,queries,100,elements,12814000.0,ns,307
reads,100,queries,100,elements,12764400.0,ns,308
reads,100,queries,100,elements,12811700.0,ns,309
reads,100,queries,100,elements,13744600.0,ns,310
reads,100,queries,100,elements,12861100.0,ns,311
reads,100,queries,100,elements,12438200.0,ns,312
reads,100,queries,100,elements,12697600.0,ns,313
reads,100,queries,100,elements,12659000.0,ns,314
reads,100,queries,100,elements,12862000.0,ns,315
reads,100,queries,100,elements,13020000.0,ns,316
reads,100,queries,100,elements,13065100.0,ns,317
reads,100,queries,100,elements,12426500.0,ns,318
reads,100,queries,100,elements,12746600.0,ns,319
reads,100,queries,100,elements,13151000.0,ns,320
reads,100,queries,100,elements,13055700.0,ns,321
reads,100,queries,100,elements,12828800.0,ns,322
reads,100,queries,100,elements,13106800.0,ns,323
reads,100,queries,100,elements,13322500.0,ns,324
reads,100,queries,100,elements,13145400.0,ns,325
reads,100,queries,100,elements,13613000.0,ns,326
reads,100,queries,100,elements,13035900.0,ns,327
reads,100,queries,100,elements,13383700.0,ns,328
reads,100,queries,100,elements,13190500.0,ns,329
reads,100,queries,100,elements,13885300.0,ns,330
reads,100,queries,100,elements,13582700.0,ns,331
reads,100,queries,100,elements,13362900.0,ns,332
reads,100,queries,100,elements,13691600.0,ns,333
reads,100,queries,100,elements,13617000.0,ns,334
reads,100,queries,100,elements,13600700.0,ns,335
reads,100,queries,100,elements,14109700.0,ns,336
reads,100,queries,100,elements,15743100.0,ns,337
reads,100,queries,100,elements,13719400.0,ns,338
reads,100,queries,100,elements,14022400.0,ns,339
reads,100,queries,100,elements,13850100.0,ns,340
reads,100,queries,100,elements,13754100.0,ns,341
reads,100,queries,100,elements,13828100.0,ns,342
reads,100,queries,100,elements,14171700.0,ns,343
reads,100,queries,100,elements,13955300.0,ns,344
reads,100,queries,100,elements,14055700.0,ns,345
reads,100,queries,100,elements,14420500.0,ns,346
reads,100,queries,100,elements,14570000.0,ns,347
reads,100,queries,100,elements,14164500.0,ns,348
reads,100,queries,100,elements,14482700.0,ns,349
reads,100,queries,100,elements,14638700.0,ns,350
reads,100,queries,100,elements,14873800.0,ns,351
reads,100,queries,100,elements,13979300.0,ns,352
reads,100,queries,100,elements,14383600.0,ns,353
reads,100,queries,100,elements,14385000.0,ns,354
reads,100,queries,100,elements,14398800.0,ns,355
reads,100,queries,100,elements,14316500.0,ns,356
reads,100,queries,100,elements,14593800.0,ns,357
reads,100,queries,100,elements,14400300.0,ns,358
reads,100,queries,100,elements,14258100.0,ns,359
reads,100,queries,100,elements,14421700.0,ns,360
reads,100,queries,100,elements,14797000.0,ns,361
reads,100,queries,100,elements,14646400.0,ns,362
reads,100,queries,100,elements,14718800.0,ns,363
reads,100,queries,100,elements,15107200.0,ns,364
reads,100,queries,100,elements,14768500.0,ns,365
reads,100,queries,100,elements,14890600.0,ns,366
reads,100,queries,100,elements,14659600.0,ns,367
reads,100,queries,100,elements,14880600.0,ns,368
reads,100,queries,100,elements,15364600.0,ns,369
reads,100,queries,100,elements,15001800.0,ns,370
reads,100,queries,100,elements,14807000.0,ns,371
reads,100,queries,100,elements,15024800.0,ns,372
reads,100,queries,100,elements,15595800.0,ns,373
reads,100,queries,100,elements,15456300.0,ns,374
reads,100,queries,100,elements,15399100.0,ns,375
reads,100,queries,100,elements,15829100.0,ns,376
reads,100,queries,100,elements,16236700.0,ns,377
reads,100,queries,100,elements,15551100.0,ns,378
reads,100,queries,100,elements,16093400.0,ns,379
reads,100,queries,100,elements,15285200.0,ns,380
reads,100,queries,100,elements,15203600.0,ns,381
reads,100,queries,100,elements,15776100.0,ns,382
reads,100,queries,100,elements,16710000.0,ns,383
reads,100,queries,100,elements,16420600.0,ns,384
reads,100,queries,100,elements,16201000.0,ns,385
reads,100,queries,100,elements,16082100.0,ns,386
reads,100,queries,100,elements,15622800.0,ns,387
reads,100,queries,100,elements,15463600.0,ns,388
reads,100,queries,100,elements,15339700.0,ns,389
reads,100,queries,100,elements,16095200.0,ns,390
reads,100,queries,100,elements,15990900.0,ns,391
reads,100,queries,100,elements,16254500.0,ns,392
reads,100,queries,100,elements,15861600.0,ns,393
reads,100,queries,100,elements,15962500.0,ns,394
reads,100,queries,100,elements,15957300.0,ns,395
reads,100,queries,100,elements,15851200.0,ns,396
reads,100,queries,100,elements,16165300.0,ns,397
reads,100,queries,100,elements,16295800.0,ns,398
reads,100,queries,100,elements,15937600.0,ns,399
reads,100,queries,100,elements,15806000.0,ns,400
reads,100,queries,100,elements,16429800.0,ns,401
reads,100,queries,100,elements,16376200.0,ns,402
reads,100,queries,100,elements,16395300.0,ns,403
reads,100,queries,100,elements,16396200.0,ns,404
reads,100,queries,100,elements,17743700.0,ns,405
reads,100,queries,100,elements,16826900.0,ns,406
reads,100,queries,100,elements,16663900.0,ns,407
reads,100,queries,100,elements,17093000.0,ns,408
reads,100,queries,100,elements,16895000.0,ns,409
reads,100,queries,100,elements,16809300.0,ns,410
reads,100,queries,100,elements,16829000.0,ns,411
reads,100,queries,100,elements,17260000.0,ns,412
reads,100,queries,100,elements,16994900.0,ns,413
reads,100,queries,100,elements,16976200.0,ns,414
reads,100,queries,100,elements,17827800.0,ns,415
reads,100,queries,100,elements,16345700.0,ns,416
reads,100,queries,100,elements,16887800.0,ns,417
reads,100,queries,100,elements,16962800.0,ns,418
reads,100,queries,100,elements,16851100.0,ns,419
reads,100,queries,100,elements,17281400.0,ns,420
reads,100,queries,100,elements,18120400.0,ns,421
reads,100,queries,100,elements,17279700.0,ns,422
reads,100,queries,100,elements,17483200.0,ns,423
reads,100,queries,100,elements,17289400.0,ns,424
reads,100,queries,100,elements,17236800.0,ns,425
reads,100,queries,100,elements,17234500.0,ns,426
reads,100,queries,100,elements,17315200.0,ns,427
reads,100,queries,100,elements,17102400.0,ns,428
reads,100,queries,100,elements,17917600.0,ns,429
reads,100,queries,100,elements,18143400.0,ns,430
reads,100,queries,100,elements,20782100.0,ns,431
reads,100,queries,100,elements,17733100.0,ns,432
reads,100,queries,100,elements,17841800.0,ns,433
reads,100,queries,100,elements,18391800.0,ns,434
reads,100,queries,100,elements,17289900.0,ns,435
reads,100,queries,100,elements,17582200.0,ns,436
reads,100,queries,100,elements,17375900.0,ns,437
reads,100,queries,100,elements,17654200.0,ns,438
reads,100,queries,100,elements,17650900.0,ns,439
reads,100,queries,100,elements,17675900.0,ns,440
reads,100,queries,100,elements,17810000.0,ns,441
reads,100,queries,100,elements,18166700.0,ns,442
reads,100,queries,100,elements,17962700.0,ns,443
reads,100,queries,100,elements,17725100.0,ns,444
reads,100,queries,100,elements,18001700.0,ns,445
reads,100,queries,100,elements,18098600.0,ns,446
reads,100,queries,100,elements,18026400.0,ns,447
reads,100,queries,100,elements,18952600.0,ns,448
reads,100,queries,100,elements,22140800.0,ns,449
reads,100,queries,100,elements,20614900.0,ns,450
reads,100,queries,100,elements,18239700.0,ns,451
reads,100,queries,100,elements,18234900.0,ns,452
reads,100,queries,100,elements,18442400.0,ns,453
reads,100,queries,100,elements,18103000.0,ns,454
reads,100,queries,100,elements,17997600.0,ns,455
reads,100,queries,100,elements,18216800.0,ns,456
reads,100,queries,100,elements,18587900.0,ns,457
reads,100,queries,100,elements,18914800.0,ns,458
reads,100,queries,100,elements,19554500.0,ns,459
reads,100,queries,100,elements,18714700.0,ns,460
reads,100,queries,100,elements,19574900.0,ns,461
reads,100,queries,100,elements,19118000.0,ns,462
reads,100,queries,100,elements,19855700.0,ns,463
reads,100,queries,100,elements,20373700.0,ns,464
reads,100,queries,100,elements,19670900.0,ns,465
reads,100,queries,100,elements,19687500.0,ns,466
reads,100,queries,100,elements,19437700.0,ns,467
reads,100,queries,100,elements,19485800.0,ns,468
reads,100,queries,100,elements,19805600.0,ns,469
reads,100,queries,100,elements,19702600.0,ns,470
reads,100,queries,100,elements,19654600.0,ns,471
reads,100,queries,100,elements,19591000.0,ns,472
reads,100,queries,100,elements,19947200.0,ns,473
reads,100,queries,100,elements,19742200.0,ns,474
reads,100,queries,100,elements,19642900.0,ns,475
reads,100,queries,100,elements,19935200.0,ns,476
reads,100,queries,100,elements,20049400.0,ns,477
reads,100,queries,100,elements,19920400.0,ns,478
reads,100,queries,100,elements,19444700.0,ns,479
reads,100,queries,100,elements,20162400.0,ns,480
reads,100,queries,100,elements,20346500.0,ns,481
reads,100,queries,100,elements,20071300.0,ns,482
reads,100,queries,100,elements,19967600.0,ns,483
reads,100,queries,100,elements,20166800.0,ns,484
reads,100,queries,100,elements,21028500.0,ns,485
reads,100,queries,100,elements,20584600.0,ns,486
reads,100,queries,100,elements,19651900.0,ns,487
reads,100,queries,100,elements,20504600.0,ns,488
reads,100,queries,100,elements,19991000.0,ns,489
reads,100,queries,100,elements,19810400.0,ns,490
reads,100,queries,100,elements,20042500.0,ns,491
reads,100,queries,100,elements,20201000.0,ns,492
reads,100,queries,100,elements,20213800.0,ns,493
reads,100,queries,100,elements,20200400.0,ns,494
reads,100,queries,100,elements,20110500.0,ns,495
reads,100,queries,100,elements,20669100.0,ns,496
reads,100,queries,100,elements,20022900.0,ns,497
reads,100,queries,100,elements,20341400.0,ns,498
reads,100,queries,100,elements,20425800.0,ns,499
reads,100,queries,100,elements,20165600.0,ns,500
reads,100,queries,100,elements,21503800.0,ns,501
reads,100,queries,100,elements,21108600.0,ns,502
reads,100,queries,100,elements,21561500.0,ns,503
reads,100,queries,100,elements,20430900.0,ns,504
reads,100,queries,100,elements,20563600.0,ns,505
reads,100,queries,100,elements,20917200.0,ns,506
reads,100,queries,100,elements,22104600.0,ns,507
reads,100,queries,100,elements,21965900.0,ns,508
reads,100,queries,100,elements,21208000.0,ns,509
reads,100,queries,100,elements,21392300.0,ns,510
reads,100,queries,100,elements,24812400.0,ns,511
reads,100,queries,100,elements,21546000.0,ns,512
reads,100,queries,100,elements,22062000.0,ns,513
reads,100,queries,100,elements,21148500.0,ns,514
reads,100,queries,100,elements,20773400.0,ns,515
reads,100,queries,100,elements,21051600.0,ns,516
reads,100,queries,100,elements,26937800.0,ns,517
reads,100,queries,100,elements,22872100.0,ns,518
reads,100,queries,100,elements,21277200.0,ns,519
reads,100,queries,100,elements,21396300.0,ns,520
reads,100,queries,100,elements,20968200.0,ns,521
reads,100,queries,100,elements,21006800.0,ns,522
reads,100,queries,100,elements,21142800.0,ns,523
reads,100,queries,100,elements,21728300.0,ns,524
reads,100,queries,100,elements,20774000.0,ns,525
reads,100,queries,100,elements,21670900.0,ns,526
reads,100,queries,100,elements,20995900.0,ns,527
reads,100,queries,100,elements,21059500.0,ns,528
reads,100,queries,100,elements,21576900.0,ns,529
reads,100,queries,100,elements,21527100.0,ns,530
reads,100,queries,100,elements,21226200.0,ns,531
reads,100,queries,100,elements,22109600.0,ns,532
reads,100,queries,100,elements,22262300.0,ns,533
reads,100,queries,100,elements,21506300.0,ns,534
reads,100,queries,100,elements,22322900.0,ns,535
reads,100,queries,100,elements,21592400.0,ns,536
reads,100,queries,100,elements,21702000.0,ns,537
reads,100,queries,100,elements,21648800.0,ns,538
reads,100,queries,100,elements,27964400.0,ns,539
reads,100,queries,100,elements,22212200.0,ns,540
reads,100,queries,100,elements,22255500.0,ns,541
reads,100,queries,100,elements,22438400.0,ns,542
reads,100,queries,100,elements,21703100.0,ns,543
reads,100,queries,100,elements,22172200.0,ns,544
reads,100,queries,100,elements,22129600.0,ns,545
reads,100,queries,100,elements,22049000.0,ns,546
reads,100,queries,100,elements,21730100.0,ns,547
reads,100,queries,100,elements,22436100.0,ns,548
reads,100,queries,100,elements,21601400.0,ns,549
reads,100,queries,100,elements,23130600.0,ns,550
reads,100,queries,100,elements,23275000.0,ns,551
reads,100,queries,100,elements,22809500.0,ns,552
reads,100,queries,100,elements,22327800.0,ns,553
reads,100,queries,100,elements,23538600.0,ns,554
reads,100,queries,100,elements,22537500.0,ns,555
reads,100,queries,100,elements,23913000.0,ns,556
reads,100,queries,100,elements,23654300.0,ns,557
reads,100,queries,100,elements,22175300.0,ns,558
reads,100,queries,100,elements,22478000.0,ns,559
reads,100,queries,100,elements,22350300.0,ns,560
reads,100,queries,100,elements,23765900.0,ns,561
reads,100,queries,100,elements,23742700.0,ns,562
reads,100,queries,100,elements,44169400.0,ns,563
reads,100,queries,100,elements,22948300.0,ns,564
reads,100,queries,100,elements,23190000.0,ns,565
reads,100,queries,100,elements,23266200.0,ns,566
reads,100,queries,100,elements,23152200.0,ns,567
reads,100,queries,100,elements,24904500.0,ns,568
reads,100,queries,100,elements,22680000.0,ns,569
reads,100,queries,100,elements,23213000.0,ns,570
reads,100,queries,100,elements,23220700.0,ns,571
reads,100,queries,100,elements,23141400.0,ns,572
reads,100,queries,100,elements,23485100.0,ns,573
reads,100,queries,100,elements,23455700.0,ns,574
reads,100,queries,100,elements,23557700.0,ns,575
reads,100,queries,100,elements,24863200.0,ns,576
reads,100,queries,100,elements,23147800.0,ns,577
reads,100,queries,100,elements,24722100.0,ns,578
reads,100,queries,100,elements,23922700.0,ns,579
reads,100,queries,100,elements,23860300.0,ns,580
reads,100,queries,100,elements,23763300.0,ns,581
reads,100,queries,100,elements,24356400.0,ns,582
reads,100,queries,100,elements,24095100.0,ns,583
reads,100,queries,100,elements,23517400.0,ns,584
reads,100,queries,100,elements,23890700.0,ns,585
reads,100,queries,100,elements,23390900.0,ns,586
reads,100,queries,100,elements,23960600.0,ns,587
reads,100,queries,100,elements,23662900.0,ns,588
reads,100,queries,100,elements,23933100.0,ns,589
reads,100,queries,100,elements,23553900.0,ns,590
reads,100,queries,100,elements,27621500.0,ns,591
reads,100,queries,100,elements,28655600.0,ns,592
reads,100,queries,100,elements,26325700.0,ns,593
reads,100,queries,100,elements,24174600.0,ns,594
reads,100,queries,100,elements,24160300.0,ns,595
reads,100,queries,100,elements,25085200.0,ns,596
reads,100,queries,100,elements,24366900.0,ns,597
reads,100,queries,100,elements,25986300.0,ns,598
reads,100,queries,100,elements,24243400.0,ns,599
reads,100,queries,100,elements,24786700.0,ns,600
reads,100,queries,100,elements,23948400.0,ns,601
reads,100,queries,100,elements,25549500.0,ns,602
reads,100,queries,100,elements,25201400.0,ns,603
reads,100,queries,100,elements,25148300.0,ns,604
reads,100,queries,100,elements,25095100.0,ns,605
reads,100,queries,100,elements,24387800.0,ns,606
reads,100,queries,100,elements,25163300.0,ns,607
reads,100,queries,100,elements,25347000.0,ns,608
reads,100,queries,100,elements,25265600.0,ns,609
reads,100,queries,100,elements,24440000.0,ns,610
reads,100,queries,100,elements,24528100.0,ns,611
reads,100,queries,100,elements,24820500.0,ns,612
reads,100,queries,100,elements,25475100.0,ns,613
reads,100,queries,100,elements,24479300.0,ns,614
reads,100,queries,100,elements,25432200.0,ns,615
reads,100,queries,100,elements,24826800.0,ns,616
reads,100,queries,100,elements,25502400.0,ns,617
reads,100,queries,100,elements,25359500.0,ns,618
reads,100,queries,100,elements,25121600.0,ns,619
reads,100,queries,100,elements,25333400.0,ns,620
reads,100,queries,100,elements,24989200.0,ns,621
reads,100,queries,100,elements,24858200.0,ns,622
reads,100,queries,100,elements,25719100.0,ns,623
reads,100,queries,100,elements,25571100.0,ns,624
reads,100,queries,100,elements,25046300.0,ns,625
reads,100,queries,100,elements,25012400.0,ns,626
reads,100,queries,100,elements,25770600.0,ns,627
reads,100,queries,100,elements,25431000.0,ns,628
reads,100,queries,100,elements,25570400.0,ns,629
reads,100,queries,100,elements,25638300.0,ns,630
reads,100,queries,100,elements,25718900.0,ns,631
reads,100,queries,100,elements,26107600.0,ns,632
reads,100,queries,100,elements,25501100.0,ns,633
reads,100,queries,100,elements,25888500.0,ns,634
reads,100,queries,100,elements,25652900.0,ns,635
reads,100,queries,100,elements,25836200.0,ns,636
reads,100,queries,100,elements,26722100.0,ns,637
reads,100,queries,100,elements,28072100.0,ns,638
reads,100,queries,100,elements,26329600.0,ns,639
reads,100,queries,100,elements,26725900.0,ns,640
reads,100,queries,100,elements,26079800.0,ns,641
reads,100,queries,100,elements,26437700.0,ns,642
reads,100,queries,100,elements,26894300.0,ns,643
reads,100,queries,100,elements,30682300.0,ns,644
reads,100,queries,100,elements,26769400.0,ns,645
reads,100,queries,100,elements,26320400.0,ns,646
reads,100,queries,100,elements,26422200.0,ns,647
reads,100,queries,100,elements,25998800.0,ns,648
reads,100,queries,100,elements,26363500.0,ns,649
reads,100,queries,100,elements,26652700.0,ns,650
reads,100,queries,100,elements,26111800.0,ns,651
reads,100,queries,100,elements,27032900.0,ns,652
reads,100,queries,100,elements,26370000.0,ns,653
reads,100,queries,100,elements,29250100.0,ns,654
reads,100,queries,100,elements,26598900.0,ns,655
reads,100,queries,100,elements,26196000.0,ns,656
reads,100,queries,100,elements,27307000.0,ns,657
reads,100,queries,100,elements,27009400.0,ns,658
reads,100,queries,100,elements,36248300.0,ns,659
reads,100,queries,100,elements,26260300.0,ns,660
reads,100,queries,100,elements,26528600.0,ns,661
reads,100,queries,100,elements,27628500.0,ns,662
reads,100,queries,100,elements,27968400.0,ns,663
reads,100,queries,100,elements,28108000.0,ns,664
reads,100,queries,100,elements,29283900.0,ns,665
reads,100,queries,100,elements,27441600.0,ns,666
reads,100,queries,100,elements,28891500.0,ns,667
reads,100,queries,100,elements,27306500.0,ns,668
reads,100,queries,100,elements,27662500.0,ns,669
reads,100,queries,100,elements,27552300.0,ns,670
reads,100,queries,100,elements,27245200.0,ns,671
reads,100,queries,100,elements,27191100.0,ns,672
reads,100,queries,100,elements,27617300.0,ns,673
reads,100,queries,100,elements,27849400.0,ns,674
reads,100,queries,100,elements,27208900.0,ns,675
reads,100,queries,100,elements,31709200.0,ns,676
reads,100,queries,100,elements,28951200.0,ns,677
reads,100,queries,100,elements,27762100.0,ns,678
reads,100,queries,100,elements,27813400.0,ns,679
reads,100,queries,100,elements,29089900.0,ns,680
reads,100,queries,100,elements,27608500.0,ns,681
reads,100,queries,100,elements,28559100.0,ns,682
reads,100,queries,100,elements,28219800.0,ns,683
reads,100,queries,100,elements,27765300.0,ns,684
reads,100,queries,100,elements,27836500.0,ns,685
reads,100,queries,100,elements,28157000.0,ns,686
reads,100,queries,100,elements,27331200.0,ns,687
reads,100,queries,100,elements,27535600.0,ns,688
reads,100,queries,100,elements,28249100.0,ns,689
reads,100,queries,100,elements,29059500.0,ns,690
reads,100,queries,100,elements,27697800.0,ns,691
reads,100,queries,100,elements,28006600.0,ns,692
reads,100,queries,100,elements,28076500.0,ns,693
reads,100,queries,100,elements,27938500.0,ns,694
reads,100,queries,100,elements,28635900.0,ns,695
reads,100,queries,100,elements,28593300.0,ns,696
reads,100,queries,100,elements,27487400.0,ns,697
reads,100,queries,100,elements,28215800.0,ns,698
reads,100,queries,100,elements,28371600.0,ns,699
reads,100,queries,100,elements,27927700.0,ns,700
reads,100,queries,100,elements,28343600.0,ns,701
reads,100,queries,100,elements,28788200.0,ns,702
reads,100,queries,100,elements,28285300.0,ns,703
reads,100,queries,100,elements,28893100.0,ns,704
reads,100,queries,100,elements,28042400.0,ns,705
reads,100,queries,100,elements,28829700.0,ns,706
reads,100,queries,100,elements,29142300.0,ns,707
reads,100,queries,100,elements,28912400.0,ns,708
reads,100,queries,100,elements,28898300.0,ns,709
reads,100,queries,100,elements,29521900.0,ns,710
reads,100,queries,100,elements,31061400.0,ns,711
reads,100,queries,100,elements,29576700.0,ns,712
reads,100,queries,100,elements,29104100.0,ns,713
reads,100,queries,100,elements,39413300.0,ns,714
reads,100,queries,100,elements,30503400.0,ns,715
reads,100,queries,100,elements,30145500.0,ns,716
reads,100,queries,100,elements,29377900.0,ns,717
reads,100,queries,100,elements,29671000.0,ns,718
reads,100,queries,100,elements,29308200.0,ns,719
reads,100,queries,100,elements,29261700.0,ns,720
reads,100,queries,100,elements,28969100.0,ns,721
reads,100,queries,100,elements,29694300.0,ns,722
reads,100,queries,100,elements,29908000.0,ns,723
reads,100,queries,100,elements,30336300.0,ns,724
reads,100,queries,100,elements,29318700.0,ns,725
reads,100,queries,100,elements,29828800.0,ns,726
reads,100,queries,100,elements,29478500.0,ns,727
reads,100,queries,100,elements,29208600.0,ns,728
reads,100,queries,100,elements,29911000.0,ns,729
reads,100,queries,100,elements,30179500.0,ns,730
reads,100,queries,100,elements,30746800.0,ns,731
reads,100,queries,100,elements,30315700.0,ns,732
reads,100,queries,100,elements,29462300.0,ns,733
reads,100,queries,100,elements,29156600.0,ns,734
reads,100,queries,100,elements,30402400.0,ns,735
reads,100,queries,100,elements,29791200.0,ns,736
reads,100,queries,100,elements,30272500.0,ns,737
reads,100,queries,100,elements,29932800.0,ns,738
reads,100,queries,100,elements,30396000.0,ns,739
reads,100,queries,100,elements,29981800.0,ns,740
reads,100,queries,100,elements,30066300.0,ns,741
reads,100,queries,100,elements,30478500.0,ns,742
reads,100,queries,100,elements,30056100.0,ns,743
reads,100,queries,100,elements,29828700.0,ns,744
reads,100,queries,100,elements,31873900.0,ns,745
reads,100,queries,100,elements,29940200.0,ns,746
reads,100,queries,100,elements,47354100.0,ns,747
reads,100,queries,100,elements,31677800.0,ns,748
reads,100,queries,100,elements,30847400.0,ns,749
reads,100,queries,100,elements,32015500.0,ns,750
reads,100,queries,100,elements,31801000.0,ns,751
reads,100,queries,100,elements,30701800.0,ns,752
reads,100,queries,100,elements,30919100.0,ns,753
reads,100,queries,100,elements,30672700.0,ns,754
reads,100,queries,100,elements,30652600.0,ns,755
reads,100,queries,100,elements,31208100.0,ns,756
reads,100,queries,100,elements,30514100.0,ns,757
reads,100,queries,100,elements,30802800.0,ns,758
reads,100,queries,100,elements,30490600.0,ns,759
reads,100,queries,100,elements,34040600.0,ns,760
reads,100,queries,100,elements,31296800.0,ns,761
reads,100,queries,100,elements,30730300.0,ns,762
reads,100,queries,100,elements,30809500.0,ns,763
reads,100,queries,100,elements,31388900.0,ns,764
reads,100,queries,100,elements,31077400.0,ns,765
reads,100,queries,100,elements,31370200.0,ns,766
reads,100,queries,100,elements,30868600.0,ns,767
reads,100,queries,100,elements,31065800.0,ns,768
reads,100,queries,100,elements,31030700.0,ns,769
reads,100,queries,100,elements,30951300.0,ns,770
reads,100,queries,100,elements,31934300.0,ns,771
reads,100,queries,100,elements,32499300.0,ns,772
reads,100,queries,100,elements,32150100.0,ns,773
reads,100,queries,100,elements,31566800.0,ns,774
reads,100,queries,100,elements,31202700.0,ns,775
reads,100,queries,100,elements,31759500.0,ns,776
reads,100,queries,100,elements,32543000.0,ns,777
reads,100,queries,100,elements,31977800.0,ns,778
reads,100,queries,100,elements,32800800.0,ns,779
reads,100,queries,100,elements,33300500.0,ns,780
reads,100,queries,100,elements,33467000.0,ns,781
reads,100,queries,100,elements,32061300.0,ns,782
reads,100,queries,100,elements,31895400.0,ns,783
reads,100,queries,100,elements,32638200.0,ns,784
reads,100,queries,100,elements,32978400.0,ns,785
reads,100,queries,100,elements,32621900.0,ns,786
reads,100,queries,100,elements,32267700.0,ns,787
reads,100,queries,100,elements,33128900.0,ns,788
reads,100,queries,100,elements,31681400.0,ns,789
reads,100,queries,100,elements,33572300.0,ns,790
reads,100,queries,100,elements,31945300.0,ns,791
reads,100,queries,100,elements,32078700.0,ns,792
reads,100,queries,100,elements,32144800.0,ns,793
reads,100,queries,100,elements,32369700.0,ns,794
reads,100,queries,100,elements,32254400.0,ns,795
reads,100,queries,100,elements,32738300.0,ns,796
reads,100,queries,100,elements,32396800.0,ns,797
reads,100,queries,100,elements,32526000.0,ns,798
reads,100,queries,100,elements,32546000.0,ns,799
reads,100,queries,100,elements,32325400.0,ns,800
reads,100,queries,100,elements,32359300.0,ns,801
reads,100,queries,100,elements,33205400.0,ns,802
reads,100,queries,100,elements,32915700.0,ns,803
reads,100,queries,100,elements,33137200.0,ns,804
reads,100,queries,100,elements,33141900.0,ns,805
reads,100,queries,100,elements,33155400.0,ns,806
reads,100,queries,100,elements,33805800.0,ns,807
reads,100,queries,100,elements,34143900.0,ns,808
reads,100,queries,100,elements,35432600.0,ns,809
reads,100,queries,100,elements,34893300.0,ns,810
reads,100,queries,100,elements,32973000.0,ns,811
reads,100,queries,100,elements,33686500.0,ns,812
reads,100,queries,100,elements,40607500.0,ns,813
reads,100,queries,100,elements,33316100.0,ns,814
reads,100,queries,100,elements,34295200.0,ns,815
reads,100,queries,100,elements,33880100.0,ns,816
reads,100,queries,100,elements,38635900.0,ns,817
reads,100,queries,100,elements,34019600.0,ns,818
reads,100,queries,100,elements,32562000.0,ns,819
reads,100,queries,100,elements,33447000.0,ns,820
reads,100,queries,100,elements,33263600.0,ns,821
reads,100,queries,100,elements,33482100.0,ns,822
reads,100,queries,100,elements,33329900.0,ns,823
reads,100,queries,100,elements,33574300.0,ns,824
reads,100,queries,100,elements,33249400.0,ns,825
reads,100,queries,100,elements,33491800.0,ns,826
reads,100,queries,100,elements,33231800.0,ns,827
reads,100,queries,100,elements,34560100.0,ns,828
reads,100,queries,100,elements,33198000.0,ns,829
reads,100,queries,100,elements,34049700.0,ns,830
reads,100,queries,100,elements,33125300.0,ns,831
reads,100,queries,100,elements,33703400.0,ns,832
reads,100,queries,100,elements,33742000.0,ns,833
reads,100,queries,100,elements,34344000.0,ns,834
reads,100,queries,100,elements,34085700.0,ns,835
reads,100,queries,100,elements,34268600.0,ns,836
reads,100,queries,100,elements,35003800.0,ns,837
reads,100,queries,100,elements,36080100.0,ns,838
reads,100,queries,100,elements,34702300.0,ns,839
reads,100,queries,100,elements,34023300.0,ns,840
reads,100,queries,100,elements,34874000.0,ns,841
reads,100,queries,100,elements,34008400.0,ns,842
reads,100,queries,100,elements,34777200.0,ns,843
reads,100,queries,100,elements,35163800.0,ns,844
reads,100,queries,100,elements,34374300.0,ns,845
reads,100,queries,100,elements,34762400.0,ns,846
reads,100,queries,100,elements,35802600.0,ns,847
reads,100,queries,100,elements,36920300.0,ns,848
reads,100,queries,100,elements,33948400.0,ns,849
reads,100,queries,100,elements,34303600.0,ns,850
reads,100,queries,100,elements,35605400.0,ns,851
reads,100,queries,100,elements,34954800.0,ns,852
reads,100,queries,100,elements,34397000.0,ns,853
reads,100,queries,100,elements,35033400.0,ns,854
reads,100,queries,100,elements,35779000.0,ns,855
reads,100,queries,100,elements,36188000.0,ns,856
reads,100,queries,100,elements,37077000.0,ns,857
reads,100,queries,100,elements,35011100.0,ns,858
reads,100,queries,100,elements,34886000.0,ns,859
reads,100,queries,100,elements,35455000.0,ns,860
reads,100,queries,100,elements,36505800.0,ns,861
reads,100,queries,100,elements,37530200.0,ns,862
reads,100,queries,100,elements,36328600.0,ns,863
reads,100,queries,100,elements,35284300.0,ns,864
reads,100,queries,100,elements,35845900.0,ns,865
reads,100,queries,100,elements,35857800.0,ns,866
reads,100,queries,100,elements,37637400.0,ns,867
reads,100,queries,100,elements,35800700.0,ns,868
reads,100,queries,100,elements,35545200.0,ns,869
reads,100,queries,100,elements,37273100.0,ns,870
reads,100,queries,100,elements,35300000.0,ns,871
reads,100,queries,100,elements,35639900.0,ns,872
reads,100,queries,100,elements,36069700.0,ns,873
reads,100,queries,100,elements,34867800.0,ns,874
reads,100,queries,100,elements,35746700.0,ns,875
reads,100,queries,100,elements,36057200.0,ns,876
reads,100,queries,100,elements,36273700.0,ns,877
reads,100,queries,100,elements,57134400.0,ns,878
reads,100,queries,100,elements,37037900.0,ns,879
reads,100,queries,100,elements,36499300.0,ns,880
reads,100,queries,100,elements,35722100.0,ns,881
reads,100,queries,100,elements,35967600.0,ns,882
reads,100,queries,100,elements,36714800.0,ns,883
reads,100,queries,100,elements,36467700.0,ns,884
reads,100,queries,100,elements,35466300.0,ns,885
reads,100,queries,100,elements,35469700.0,ns,886
reads,100,queries,100,elements,35889100.0,ns,887
reads,100,queries,100,elements,36335100.0,ns,888
reads,100,queries,100,elements,36652100.0,ns,889
reads,100,queries,100,elements,36147500.0,ns,890
reads,100,queries,100,elements,37190100.0,ns,891
reads,100,queries,100,elements,36839500.0,ns,892
reads,100,queries,100,elements,36090000.0,ns,893
reads,100,queries,100,elements,37761100.0,ns,894
reads,100,queries,100,elements,35236800.0,ns,895
reads,100,queries,100,elements,35798800.0,ns,896
reads,100,queries,100,elements,38048100.0,ns,897
reads,100,queries,100,elements,36276000.0,ns,898
reads,100,queries,100,elements,36846100.0,ns,899
reads,100,queries,100,elements,36821200.0,ns,900
reads,100,queries,100,elements,37177400.0,ns,901
reads,100,queries,100,elements,36950700.0,ns,902
reads,100,queries,100,elements,36821700.0,ns,903
reads,100,queries,100,elements,36364400.0,ns,904
reads,100,queries,100,elements,36716000.0,ns,905
reads,100,queries,100,elements,37181100.0,ns,906
reads,100,queries,100,elements,37173900.0,ns,907
reads,100,queries,100,elements,38592400.0,ns,908
reads,100,queries,100,elements,37436300.0,ns,909
reads,100,queries,100,elements,37107700.0,ns,910
reads,100,queries,100,elements,36923100.0,ns,911
reads,100,queries,100,elements,37146000.0,ns,912
reads,100,queries,100,elements,37462000.0,ns,913
reads,100,queries,100,elements,36821100.0,ns,914
reads,100,queries,100,elements,36905300.0,ns,915
reads,100,queries,100,elements,37404000.0,ns,916
reads,100,queries,100,elements,37711400.0,ns,917
reads,100,queries,100,elements,38206000.0,ns,918
reads,100,queries,100,elements,38110300.0,ns,919
reads,100,queries,100,elements,37790900.0,ns,920
reads,100,queries,100,elements,39870800.0,ns,921
reads,100,queries,100,elements,38357100.0,ns,922
reads,100,queries,100,elements,38230500.0,ns,923
reads,100,queries,100,elements,37644600.0,ns,924
reads,100,queries,100,elements,38241000.0,ns,925
reads,100,queries,100,elements,38514500.0,ns,926
reads,100,queries,100,elements,38168800.0,ns,927
reads,100,queries,100,elements,38330600.0,ns,928
reads,100,queries,100,elements,38631500.0,ns,929
reads,100,queries,100,elements,37875700.0,ns,930
reads,100,queries,100,elements,37462600.0,ns,931
reads,100,queries,100,elements,39097100.0,ns,932
reads,100,queries,100,elements,40944800.0,ns,933
reads,100,queries,100,elements,37718600.0,ns,934
reads,100,queries,100,elements,38025300.0,ns,935
reads,100,queries,100,elements,39922300.0,ns,936
reads,100,queries,100,elements,38887800.0,ns,937
reads,100,queries,100,elements,37844900.0,ns,938
reads,100,queries,100,elements,38400200.0,ns,939
reads,100,queries,100,elements,38074800.0,ns,940
reads,100,queries,100,elements,38863500.0,ns,941
reads,100,queries,100,elements,38344900.0,ns,942
reads,100,queries,100,elements,38371700.0,ns,943
reads,100,queries,100,elements,39219300.0,ns,944
reads,100,queries,100,elements,38921500.0,ns,945
reads,100,queries,100,elements,38938400.0,ns,946
reads,100,queries,100,elements,38568000.0,ns,947
reads,100,queries,100,elements,41537000.0,ns,948
reads,100,queries,100,elements,39202800.0,ns,949
reads,100,queries,100,elements,39279500.0,ns,950
reads,100,queries,100,elements,39061100.0,ns,951
reads,100,queries,100,elements,39220100.0,ns,952
reads,100,queries,100,elements,39036400.0,ns,953
reads,100,queries,100,elements,39486400.0,ns,954
reads,100,queries,100,elements,38234500.0,ns,955
reads,100,queries,100,elements,39610000.0,ns,956
reads,100,queries,100,elements,38713500.0,ns,957
reads,100,queries,100,elements,39015000.0,ns,958
reads,100,queries,100,elements,39702500.0,ns,959
reads,100,queries,100,elements,39426000.0,ns,960
reads,100,queries,100,elements,39007000.0,ns,961
reads,100,queries,100,elements,38615500.0,ns,962
reads,100,queries,100,elements,43583300.0,ns,963
reads,100,queries,100,elements,39990300.0,ns,964
reads,100,queries,100,elements,39455000.0,ns,965
reads,100,queries,100,elements,39398000.0,ns,966
reads,100,queries,100,elements,38957100.0,ns,967
reads,100,queries,100,elements,39354700.0,ns,968
reads,100,queries,100,elements,39163200.0,ns,969
reads,100,queries,100,elements,39032300.0,ns,970
reads,100,queries,100,elements,40608700.0,ns,971
reads,100,queries,100,elements,40174900.0,ns,972
reads,100,queries,100,elements,39978800.0,ns,973
reads,100,queries,100,elements,40298100.0,ns,974
reads,100,queries,100,elements,39506600.0,ns,975
reads,100,queries,100,elements,49863200.0,ns,976
reads,100,queries,100,elements,40599900.0,ns,977
reads,100,queries,100,elements,40619300.0,ns,978
reads,100,queries,100,elements,40072100.0,ns,979
reads,100,queries,100,elements,39449700.0,ns,980
reads,100,queries,100,elements,39778200.0,ns,981
reads,100,queries,100,elements,39127600.0,ns,982
reads,100,queries,100,elements,41007900.0,ns,983
reads,100,queries,100,elements,40006700.0,ns,984
reads,100,queries,100,elements,39953100.0,ns,985
reads,100,queries,100,elements,40214800.0,ns,986
reads,100,queries,100,elements,40278800.0,ns,987
reads,100,queries,100,elements,39947400.0,ns,988
reads,100,queries,100,elements,40382500.0,ns,989
reads,100,queries,100,elements,51286600.0,ns,990
reads,100,queries,100,elements,41843200.0,ns,991
reads,100,queries,100,elements,41124900.0,ns,992
reads,100,queries,100,elements,40423800.0,ns,993
reads,100,queries,100,elements,40604100.0,ns,994
reads,100,queries,100,elements,41019500.0,ns,995
reads,100,queries,100,elements,41836700.0,ns,996
reads,100,queries,100,elements,45619400.0,ns,997
reads,100,queries,100,elements,42855100.0,ns,998
reads,100,queries,100,elements,41676200.0,ns,999
reads,100,queries,100,elements,41677900.0,ns,1000
